{"width":1024,"length":768,"background":{},"repInfo":[{"icon":"cherry_tomato","x":253,"y":380,"data":[],"id":"01","visibleName":"cherry_tomato","link":false},{"icon":"cherry_tomato","x":317,"y":341,"data":[],"id":"011","visibleName":"cherry_tomato","link":false},{"icon":"cherry_tomato","x":359,"y":310,"data":[],"id":"0111","visibleName":"cherry_tomato","link":false},{"icon":"cherry_tomato","x":396,"y":272,"data":[],"id":"01111","visibleName":"cherry_tomato","link":false},{"icon":"cherry_tomato","x":450,"y":217,"data":[],"id":"011111","visibleName":"cherry_tomato","link":false},{"icon":"cherry_tomato","x":513,"y":186,"data":[],"id":"0111111","visibleName":"cherry_tomato","link":false},{"icon":"cherry_tomato","x":310,"y":444,"data":[],"id":"01111111","visibleName":"cherry_tomato","link":false},{"icon":"cherry_tomato","x":389,"y":391,"data":[],"id":"011111111","visibleName":"cherry_tomato","link":false},{"icon":"cherry_tomato","x":453,"y":341,"data":[],"id":"0111111111","visibleName":"cherry_tomato","link":false},{"icon":"cherry_tomato","x":510,"y":285,"data":[],"id":"01111111111","visibleName":"cherry_tomato","link":false},{"icon":"cherry_tomato","x":564,"y":241,"data":[],"id":"011111111111","visibleName":"cherry_tomato","link":false},{"icon":"cherry_tomato","x":479,"y":532,"data":[],"id":"0111111111111","visibleName":"cherry_tomato","link":false},{"icon":"cherry_tomato","x":538,"y":486,"data":[],"id":"01111111111111","visibleName":"cherry_tomato","link":false},{"icon":"cherry_tomato","x":597,"y":429,"data":[],"id":"011111111111111","visibleName":"cherry_tomato","link":false},{"icon":"cherry_tomato","x":642,"y":391,"data":[],"id":"0111111111111111","visibleName":"cherry_tomato","link":false},{"icon":"cherry_tomato","x":676,"y":347,"data":[],"id":"01111111111111111","visibleName":"cherry_tomato","link":false},{"icon":"cherry_tomato","x":737,"y":282,"data":[],"id":"011111111111111111","visibleName":"cherry_tomato","link":false},{"icon":"cherry_tomato","x":590,"y":557,"data":[],"id":"0111111111111111111","visibleName":"cherry_tomato","link":false},{"icon":"cherry_tomato","x":658,"y":493,"data":[],"id":"01111111111111111111","visibleName":"cherry_tomato","link":false},{"icon":"cherry_tomato","x":705,"y":429,"data":[],"id":"011111111111111111111","visibleName":"cherry_tomato","link":false},{"icon":"cherry_tomato","x":748,"y":368,"data":[],"id":"0111111111111111111111","visibleName":"cherry_tomato","link":false},{"icon":"cherry_tomato","x":810,"y":283,"data":[],"id":"01111111111111111111111","visibleName":"cherry_tomato","link":false},{"icon":"cherry_tomato","x":697,"y":588,"data":[],"id":"011111111111111111111111","visibleName":"cherry_tomato","link":false},{"icon":"cherry_tomato","x":750,"y":530,"data":[],"id":"0111111111111111111111111","visibleName":"cherry_tomato","link":false},{"icon":"cherry_tomato","x":778,"y":466,"data":[],"id":"01111111111111111111111111","visibleName":"cherry_tomato","link":false},{"icon":"cherry_tomato","x":797,"y":447,"data":[],"id":"011111111111111111111111111","visibleName":"cherry_tomato","link":false},{"icon":"cherry_tomato","x":830,"y":396,"data":[],"id":"0111111111111111111111111111","visibleName":"cherry_tomato","link":false},{"icon":"cherry_tomato","x":864,"y":358,"data":[],"id":"01111111111111111111111111111","visibleName":"cherry_tomato","link":false},{"icon":"cherry_tomato","x":882,"y":311,"data":[],"id":"011111111111111111111111111111","visibleName":"cherry_tomato","link":false},{"icon":"kale","x":135,"y":330,"data":[],"id":"0111111111111111111111111111111","visibleName":"kale","link":false},{"icon":"kale","x":214,"y":291,"data":[],"id":"01111111111111111111111111111111","visibleName":"kale","link":false},{"icon":"kale","x":269,"y":258,"data":[],"id":"011111111111111111111111111111111","visibleName":"kale","link":false},{"icon":"kale","x":321,"y":214,"data":[],"id":"0111111111111111111111111111111111","visibleName":"kale","link":false},{"icon":"kale","x":387,"y":170,"data":[],"id":"0111111111111111111111111111111111111","visibleName":"kale","link":false},{"icon":"garlic","x":463,"y":129,"data":[],"id":"01111111111111111111111111111111111111","visibleName":"garlic","link":false},{"icon":"garlic","x":426,"y":102,"data":[],"id":"011111111111111111111111111111111111111","visibleName":"garlic","link":false},{"icon":"bean","x":790,"y":663,"data":[],"id":"0111111111111111111111111111111111111111","visibleName":"bean","link":false},{"icon":"bean","x":834,"y":574,"data":[],"id":"01111111111111111111111111111111111111111","visibleName":"bean","link":false},{"icon":"bean","x":886,"y":492,"data":[],"id":"011111111111111111111111111111111111111111","visibleName":"bean","link":false},{"icon":"bean","x":923,"y":420,"data":[],"id":"0111111111111111111111111111111111111111111","visibleName":"bean","link":false},{"icon":"bean","x":970,"y":352,"data":[],"id":"01111111111111111111111111111111111111111111","visibleName":"bean","link":false},{"icon":"zucchini","x":461,"y":642,"data":[],"id":"011111111111111111111111111111111111111111111","visibleName":"zucchini","link":false},{"icon":"zucchini","x":553,"y":683,"data":[],"id":"0111111111111111111111111111111111111111111111","visibleName":"zucchini","link":false},{"icon":"zucchini","x":665,"y":702,"data":[],"id":"01111111111111111111111111111111111111111111111","visibleName":"zucchini","link":false}],"index":"011111111111111111111111111111111111111111111111"}